Barcode	Gene	Chr	Start	End	Ref	Alt	Location	Type	snp138	1000g2014oct_all	esp6500si_all	cosmic69c	cosmic69nc	LJB2_SIFT	LJB2_PolyPhen2_HDIV	LJB2_PP2_HDIV_Pred	LJB2_PolyPhen2_HVAR	LJB2_PolyPhen2_HVAR_Pred	LJB2_LRT	LJB2_LRT_Pred	LJB2_MutationTaster	LJB2_MutationTaster_Pred	LJB_MutationAssessor	LJB_MutationAssessor_Pred	LJB2_FATHMM	LJB2_GERP++	LJB2_PhyloP	LJB2_SiPhy	NM	cDNAchange	AAchange	all_hgvs	Status	Coverage	Cov_ref	Cov_ref_F	Cov_ref_R	Ref_strand_bias	Cov_alt	Cov_alt_F	Cov_alt_R	Alt_strand_bias	Frequence%	Count_A_F	Count_A_R	A_allelic_ratio	A_strand_bias	Count_T_F	Count_T_R	T_allelic_ratio	T_strand_bias	Count_C_F	Count_C_R	C_allelic_ratio	C_strand_bias	Count_G_F	Count_G_R	G_allelic_ratio	G_strand_bias	Grantham	can_splice_dist	MES_ref	MES_alt	MES_delta	exon	MES_cryptic_acceptor_wt	MES_cryptic_acceptor_mut	MES_cryptic_donor_wt	MES_cryptic_donor_mut	Bases_around	max_distance_from_reads_start	min_distance_from_reads_start	max_distance_from_reads_end	min_distance_from_reads_end
example	MUTYH	chr1	45796175	45796175	C	A	intronic	NA	NA	NA	NA	NA	NA	NA	NA	NA	NA	NA	NA	NA	NA	NA	NA	NA	NA	NA	NA	NA	NM_001048171.1	c.1476+13G>T	p.?	NA	Heterozygote	4526	4498	2364	2134	0.53	20	7	13	0.65	0.44	7	13	0.44	0.65	1	0	0.02	1.00	2364	2134	99.38	0.53	3	1	0.09	0.75	NA	12	NA	NA	NA	15	1.72	1.56	0	0	CGGTTGGGAGAGGCCTAGGAGACTTACCAT	147	30	118	1
example	MUTYH	chr1	45796178	45796178	G	T	intronic	NA	NA	NA	NA	NA	NA	NA	NA	NA	NA	NA	NA	NA	NA	NA	NA	NA	NA	NA	NA	NA	NM_001048171.1	c.1476+10C>A	p.?	NA	Heterozygote	243	234	234	0	1.00	5	4	1	0.80	2.06	0	0	0.00	0.00	4	1	2.06	0.80	4	0	1.65	1.00	234	0	96.30	1.00	NA	9	NA	NA	NA	15	1.72	4.85	0	0	TTGGGAGAGGCCTAGGAGACTTACCATACA	146	33	115	1
example	MUTYH	chr1	45796179	45796179	G	C	intronic	NA	NA	NA	NA	NA	NA	NA	NA	NA	NA	NA	NA	NA	NA	NA	NA	NA	NA	NA	NA	NA	NM_001048171.1	c.1476+9C>G	p.?	NA	Heterozygote	238	233	232	1	1.00	5	5	0	1.00	2.10	0	0	0.00	0.00	0	0	0.00	0.00	5	0	2.10	1.00	232	1	97.90	1.00	NA	8	NA	NA	NA	15	1.72	3.72	0	0	TGGGAGAGGCCTAGGAGACTTACCATACAG	147	34	114	1
example	MUTYH	chr1	45796269	45796269	G	C	intronic	NA	rs3219493	0.935304	0.926253	NA	NA	NA	NA	NA	NA	NA	NA	NA	NA	NA	NA	NA	NA	NA	NA	NA	NM_001048171.1	c.1435-40C>G	p.?	NA	Homozygote	225	0	0	0	0.00	225	225	0	1.00	100.00	0	0	0.00	0.00	0	0	0.00	0.00	225	0	100.00	1.00	0	0	0.00	0.00	NA	40	NA	NA	NA	15	0	1.9	0	0	GGCTGGCACTTTTTGCAAAAGAGATAAACC	124	124	24	23
example	MUTYH	chr1	45796686	45796686	G	T	intronic	NA	NA	NA	NA	NA	NA	NA	NA	NA	NA	NA	NA	NA	NA	NA	NA	NA	NA	NA	NA	NA	NM_001048171.1	c.1434+168C>A	p.?	NA	Heterozygote	1259	1242	1242	0	1.00	17	17	0	1.00	1.35	0	0	0.00	0.00	17	0	1.35	1.00	0	0	0.00	0.00	1242	0	98.65	1.00	NA	167	NA	NA	NA	14	0	0	0	0	acttgaacccgggagatggaggttgcagtc	117	1	147	30
example	MUTYH	chr1	45796756	45796756	C	CA	intronic	NA	NA	NA	NA	NA	NA	NA	NA	NA	NA	NA	NA	NA	NA	NA	NA	NA	NA	NA	NA	NA	NM_001048171.1	c.1434+97insT	p.?	NA	Heterozygote	1571	1543	811	732	0.53	20	12	8	0.60	1.27	0	0	0.00	0.00	0	0	0.00	0.00	811	732	98.22	0.53	0	0	0.00	0.00	NA	97	NA	NA	NA	14	0	0	0	0	gcgattctccgtctcaaaaaaaaaTGCTTT	71	0	144	75
example	MUTYH	chr1	45797132	45797132	G	T	exonic	nonsynonymous SNV	NA	NA	NA	NA	NA	0.200000	0.391	B	0.775	P	0.231320	N	.	.	1.175	low	-2.45	-0.642	-0.014000	8.3798	NM_001048171.1	c.1241C>A	p.(Ala414Asp)	MUTYH:NM_001048171:exon13:c.C1241A:p.A414D,MUTYH:NM_001048172:exon13:c.C1202A:p.A401D,MUTYH:NM_001048173:exon13:c.C1199A:p.A400D,MUTYH:NM_001048174:exon13:c.C1199A:p.A400D,MUTYH:NM_001128425:exon13:c.C1283A:p.A428D,MUTYH:NM_012222:exon13:c.C1274A:p.A425D	Heterozygote	3589	3566	937	2629	0.74	23	23	0	1.00	0.64	0	0	0.00	0.00	23	0	0.64	1.00	0	0	0.00	0.00	937	2629	99.36	0.74	126	41	NA	NA	NA	13	0	2.14	0	0	CTGGGAGGGGCCCAGCCCAACGCTGTAGTT	141	1	54	1
example	MUTYH	chr1	45797372	45797372	G	T	exonic	nonsynonymous SNV	NA	NA	NA	NA	NA	0.220000	0.0	B	0.004	B	0.391056	N	0.000449	N	1.5	low	-2.35	2.43	0.727000	6.2751	NM_001048171.1	c.1105C>A	p.(Leu369Ile)	MUTYH:NM_001048171:exon12:c.C1105A:p.L369I,MUTYH:NM_001048172:exon12:c.C1066A:p.L356I,MUTYH:NM_001048173:exon12:c.C1063A:p.L355I,MUTYH:NM_001048174:exon12:c.C1063A:p.L355I,MUTYH:NM_001128425:exon12:c.C1147A:p.L383I,MUTYH:NM_012222:exon12:c.C1138A:p.L380I	Heterozygote	1330	1320	1320	0	1.00	10	10	0	1.00	0.75	0	0	0.00	0.00	10	0	0.75	1.00	0	0	0.00	0.00	1320	0	99.25	1.00	5	40	NA	NA	NA	12	0	3.46	0	0	AATTTGGGCCCCAAGGGCCCCAGGCTGTTC	37	0	147	110
example	MUTYH	chr1	45797400	45797400	G	A	exonic	synonymous SNV	NA	NA	NA	NA	NA	NA	NA	NA	NA	NA	NA	NA	NA	NA	NA	NA	NA	NA	NA	NA	NM_001048171.1	c.1077C>T	p.(=)	MUTYH:NM_001048171:exon12:c.C1077T:p.A359A,MUTYH:NM_001048172:exon12:c.C1038T:p.A346A,MUTYH:NM_001048173:exon12:c.C1035T:p.A345A,MUTYH:NM_001048174:exon12:c.C1035T:p.A345A,MUTYH:NM_001128425:exon12:c.C1119T:p.A373A,MUTYH:NM_012222:exon12:c.C1110T:p.A370A	Heterozygote	1992	1922	1922	0	1.00	31	31	0	1.00	1.56	31	0	1.56	1.00	6	1	0.35	0.86	4	1	0.25	0.80	1922	0	96.49	1.00	NA	68	NA	NA	NA	12	0	0	1.45	6.37	TCCAGAACACAGGTGGCAGAGCTCTCCTCC	65	1	131	82
